{"stats":{"minecraft:killed":{"minecraft:zombie":1},"minecraft:crafted":{"minecraft:oak_planks":16,"minecraft:crafting_table":1,"minecraft:stick":8,"minecraft:wooden_pickaxe":1,"minecraft:stone_pickaxe":1,"minecraft:wooden_axe":1},"minecraft:picked_up":{"minecraft:raw_iron":9,"minecraft:crafting_table":1,"minecraft:rotten_flesh":1,"minecraft:apple":1,"minecraft:oak_log":4,"minecraft:dirt":2,"minecraft:coal":32,"minecraft:cobblestone":10},"minecraft:mined":{"minecraft:coal_ore":32,"minecraft:oak_log":4,"minecraft:dirt":2,"minecraft:iron_ore":10,"minecraft:cobblestone":1,"minecraft:stone":9,"minecraft:oak_leaves":4,"minecraft:bee_nest":1,"minecraft:crafting_table":1},"minecraft:used":{"minecraft:wooden_axe":5,"minecraft:apple":1,"minecraft:cobblestone":2,"minecraft:crafting_table":2,"minecraft:stone_pickaxe":51,"minecraft:wooden_pickaxe":3},"minecraft:custom":{"minecraft:time_since_rest":4985,"minecraft:play_time":4985,"minecraft:sprint_one_cm":6777,"minecraft:damage_taken":130,"minecraft:walk_one_cm":12739,"minecraft:mob_kills":1,"minecraft:jump":116,"minecraft:damage_dealt":148,"minecraft:time_since_death":4985,"minecraft:total_world_time":4985,"minecraft:fall_one_cm":1163,"minecraft:interact_with_crafting_table":2,"minecraft:fly_one_cm":14442}},"DataVersion":3953}