{"stats":{"minecraft:dropped":{"minecraft:cooked_beef":1},"minecraft:killed":{"minecraft:sheep":2,"minecraft:pig":4,"minecraft:zombie":1,"minecraft:cow":3},"minecraft:crafted":{"minecraft:cooked_beef":5,"minecraft:oak_planks":16,"minecraft:crafting_table":1,"minecraft:stick":12,"minecraft:wooden_pickaxe":1,"minecraft:stone_pickaxe":1,"minecraft:wooden_axe":1,"minecraft:furnace":1,"minecraft:torch":16},"minecraft:mined":{"minecraft:furnace":1,"minecraft:iron_ore":10,"minecraft:bee_nest":1,"minecraft:crafting_table":3,"minecraft:short_grass":1,"minecraft:red_tulip":1,"minecraft:oak_log":21,"minecraft:coal_ore":48,"minecraft:dirt":2,"minecraft:cobblestone":1,"minecraft:stone":31,"minecraft:oak_leaves":5},"minecraft:picked_up":{"minecraft:crafting_table":3,"minecraft:raw_iron":9,"minecraft:leather":1,"minecraft:porkchop":6,"minecraft:oak_log":21,"minecraft:dirt":2,"minecraft:rotten_flesh":1,"minecraft:apple":1,"minecraft:beef":5,"minecraft:red_tulip":1,"minecraft:mutton":5,"minecraft:coal":48,"minecraft:white_wool":3,"minecraft:cobblestone":34},"minecraft:used":{"minecraft:wooden_axe":39,"minecraft:apple":1,"minecraft:stone_pickaxe":90,"minecraft:wooden_pickaxe":3,"minecraft:rotten_flesh":1,"minecraft:torch":4,"minecraft:cobblestone":2,"minecraft:crafting_table":3,"minecraft:furnace":1,"minecraft:cooked_beef":2},"minecraft:custom":{"minecraft:time_since_rest":13998,"minecraft:interact_with_furnace":4,"minecraft:sprint_one_cm":45021,"minecraft:damage_taken":160,"minecraft:walk_one_cm":40871,"minecraft:mob_kills":10,"minecraft:drop":1,"minecraft:damage_dealt":1123,"minecraft:swim_one_cm":4359,"minecraft:interact_with_crafting_table":7,"minecraft:fly_one_cm":58766,"minecraft:play_time":13998,"minecraft:walk_under_water_one_cm":1900,"minecraft:jump":327,"minecraft:leave_game":1,"minecraft:walk_on_water_one_cm":2268,"minecraft:time_since_death":13998,"minecraft:total_world_time":13998,"minecraft:fall_one_cm":8143}},"DataVersion":3953}