{"stats":{"minecraft:dropped":{"minecraft:birch_planks":13},"minecraft:crafted":{"minecraft:oak_planks":8,"minecraft:birch_planks":20,"minecraft:stick":8},"minecraft:killed_by":{"minecraft:enderman":1},"minecraft:mined":{"minecraft:oak_log":2,"minecraft:grass_block":1,"minecraft:birch_planks":2,"minecraft:birch_log":5,"minecraft:sugar_cane":2,"minecraft:oak_leaves":3},"minecraft:picked_up":{"minecraft:birch_log":5,"minecraft:raw_iron":1,"minecraft:birch_planks":2,"minecraft:oak_log":2,"minecraft:oak_sapling":1,"minecraft:sugar_cane":3,"minecraft:dirt":1},"minecraft:used":{"minecraft:dirt":1,"minecraft:birch_planks":9},"minecraft:custom":{"minecraft:time_since_rest":3774,"minecraft:crouch_one_cm":491,"minecraft:play_time":23532,"minecraft:sprint_one_cm":21004,"minecraft:deaths":1,"minecraft:damage_taken":245,"minecraft:walk_one_cm":4045,"minecraft:sneak_time":135,"minecraft:walk_under_water_one_cm":487,"minecraft:drop":1,"minecraft:jump":112,"minecraft:damage_dealt":49,"minecraft:time_since_death":3743,"minecraft:walk_on_water_one_cm":2440,"minecraft:total_world_time":23532,"minecraft:interact_with_crafting_table":1,"minecraft:swim_one_cm":149,"minecraft:fly_one_cm":15348,"minecraft:fall_one_cm":3282}},"DataVersion":3953}