{"stats":{"minecraft:dropped":{"minecraft:birch_planks":13},"minecraft:killed":{"minecraft:sheep":6,"minecraft:pig":3},"minecraft:crafted":{"minecraft:oak_planks":16,"minecraft:crafting_table":1,"minecraft:stick":8,"minecraft:iron_ingot":1,"minecraft:wooden_pickaxe":1,"minecraft:stone_pickaxe":1,"minecraft:white_bed":1,"minecraft:birch_planks":20,"minecraft:stone_axe":1,"minecraft:air":0},"minecraft:killed_by":{"minecraft:enderman":1},"minecraft:mined":{"minecraft:birch_planks":2,"minecraft:white_bed":1,"minecraft:birch_log":5,"minecraft:crafting_table":1,"minecraft:grass_block":1,"minecraft:oak_log":46,"minecraft:cobblestone":1,"minecraft:stone":30,"minecraft:sugar_cane":2,"minecraft:oak_leaves":5,"minecraft:wall_torch":1},"minecraft:picked_up":{"minecraft:birch_log":5,"minecraft:crafting_table":1,"minecraft:raw_iron":1,"minecraft:cooked_beef":1,"minecraft:torch":1,"minecraft:birch_planks":2,"minecraft:porkchop":4,"minecraft:oak_log":46,"minecraft:white_bed":1,"minecraft:dirt":1,"minecraft:oak_sapling":1,"minecraft:sugar_cane":3,"minecraft:mutton":7,"minecraft:white_wool":5,"minecraft:cobblestone":29,"minecraft:furnace":1},"minecraft:used":{"minecraft:birch_planks":9,"minecraft:stone_pickaxe":28,"minecraft:oak_planks":1,"minecraft:wooden_pickaxe":3,"minecraft:stone_axe":61,"minecraft:torch":1,"minecraft:dirt":1,"minecraft:cobblestone":1,"minecraft:crafting_table":1,"minecraft:furnace":1,"minecraft:white_bed":1,"minecraft:cooked_beef":1},"minecraft:custom":{"minecraft:time_since_rest":15774,"minecraft:interact_with_furnace":4,"minecraft:sprint_one_cm":63117,"minecraft:damage_taken":315,"minecraft:walk_one_cm":20353,"minecraft:mob_kills":9,"minecraft:drop":1,"minecraft:damage_dealt":784,"minecraft:swim_one_cm":1088,"minecraft:interact_with_crafting_table":7,"minecraft:fly_one_cm":56144,"minecraft:crouch_one_cm":2518,"minecraft:play_time":35532,"minecraft:deaths":1,"minecraft:sneak_time":1070,"minecraft:walk_under_water_one_cm":2463,"minecraft:jump":294,"minecraft:walk_on_water_one_cm":2695,"minecraft:time_since_death":15743,"minecraft:total_world_time":35532,"minecraft:fall_one_cm":9865}},"DataVersion":3953}